{"cameraMode":{"drawMode":0,"name":"Shaded","section":"Shading Mode"},"sceneLighting":true,"audioPlay":false,"sceneViewState":{"showFog":true,"showMaterialUpdate":false,"showSkybox":true,"showFlares":true,"showImageEffects":true,"showParticleSystems":true},"in2DMode":false,"pivot":{"x":1.8412915468215943,"y":2.4570937156677248,"z":0.27582883834838869},"rotation":{"x":0.037490539252758029,"y":-0.005995747167617083,"z":0.00022494593576993793,"w":0.9992792010307312},"size":12.414164543151856,"orthographic":false}